ID,Titel,Fase ID,Fase Label,Oorzaak,Impact,Gevolg,Advies,Beschrijving,Minimale Extra Reistijd (min.),Maximale Extra Reistijd (min.),Station Codes,Station Namen,Starttijd,Geschatte Eindtijd,Eindtijd,Tijdstip collectie
6024974,Groningen-Delfzijl,3,Vervangend vervoer,Sein- en wisselstoring,3,geen treinen,Er rijden stopbussen.,Tussen Groningen en Bedum rijden er geen treinen door een sein- en wisselstoring.,60,,"BDM, LP, GNN, DZW, APG, DZ, GN, SWD, STM","Groningen, Delfzijl West, Bedum, Loppersum, Sauwerd, Appingedam, Groningen Noord, Delfzijl, Stedum",2023-08-16T15:30:19,2023-08-16T18:15:00,2023-08-16T18:15:00,2023-08-16T16:50:40
6024977,Amsterdam Sloterdijk-Hoorn Kersenboogerd,2,Impact bekend,Persoon op het spoor,3,geen treinen,,Tussen Hoorn en Hoorn Kersenboogerd rijden er geen treinen door een persoon op het spoor.,60,,"PMR, PMW, HN, HNK, ASS, ZDK, PMO, ZD","Hoorn Kersenboogerd, Amsterdam Sloterdijk, Purmerend Overwhere, Hoorn, Purmerend Weidevenne, Zaandam Kogerveld, Zaandam, Purmerend",2023-08-16T16:35:13,2023-08-16T17:30:00,2023-08-16T17:30:00,2023-08-16T16:50:40
6024978,Venlo-Roermond,2,Impact bekend,Defecte trein,3,geen treinen,,Tussen Reuver en Swalmen rijden er geen treinen door een defecte trein.,,,"SM, RV, RM, TG, VL","Venlo, Roermond, Swalmen, Reuver, Tegelen",2023-08-16T16:39:19,2023-08-16T17:30:00,2023-08-16T17:30:00,2023-08-16T16:50:40
6024974,Groningen-Delfzijl,3,Vervangend vervoer,Sein- en wisselstoring,3,geen treinen,Er rijden stopbussen.,Tussen Groningen en Bedum rijden er geen treinen door een sein- en wisselstoring.,60,,"DZ, APG, DZW, LP, GN, BDM, GNN, SWD, STM","Bedum, Sauwerd, Loppersum, Stedum, Delfzijl West, Delfzijl, Appingedam, Groningen, Groningen Noord",2023-08-16T15:30:19,2023-08-16T18:15:00,2023-08-16T18:15:00,2023-08-16T16:51:19
6024977,Amsterdam Sloterdijk-Hoorn Kersenboogerd,2,Impact bekend,Persoon op het spoor,3,geen treinen,,Tussen Hoorn en Hoorn Kersenboogerd rijden er geen treinen door een persoon op het spoor.,60,,"ASS, HN, ZD, PMO, PMR, ZDK, HNK, PMW","Purmerend Weidevenne, Hoorn Kersenboogerd, Hoorn, Purmerend, Zaandam Kogerveld, Amsterdam Sloterdijk, Zaandam, Purmerend Overwhere",2023-08-16T16:35:13,2023-08-16T17:30:00,2023-08-16T17:30:00,2023-08-16T16:51:19
6024978,Venlo-Roermond,2,Impact bekend,Defecte trein,3,geen treinen,,Tussen Reuver en Swalmen rijden er geen treinen door een defecte trein.,,,"RM, VL, RV, SM, TG","Swalmen, Roermond, Tegelen, Reuver, Venlo",2023-08-16T16:39:19,2023-08-16T17:30:00,2023-08-16T17:30:00,2023-08-16T16:51:19
6024974,Groningen-Delfzijl,3,Vervangend vervoer,Sein- en wisselstoring,3,geen treinen,Er rijden stopbussen.,Tussen Groningen en Bedum rijden er geen treinen door een sein- en wisselstoring.,60,,"STM, APG, GNN, LP, DZ, GN, SWD, DZW, BDM","Sauwerd, Loppersum, Appingedam, Groningen Noord, Delfzijl West, Delfzijl, Stedum, Bedum, Groningen",2023-08-16T15:30:19,2023-08-16T18:15:00,2023-08-16T18:15:00,2023-08-16T16:58:29
6024977,Amsterdam Sloterdijk-Hoorn Kersenboogerd,2,Impact bekend,Persoon op het spoor,3,geen treinen,,Tussen Hoorn en Hoorn Kersenboogerd rijden er geen treinen door een persoon op het spoor.,60,,"HNK, ZDK, ZD, PMO, HN, PMR, PMW, ASS","Purmerend, Hoorn, Purmerend Weidevenne, Amsterdam Sloterdijk, Purmerend Overwhere, Hoorn Kersenboogerd, Zaandam Kogerveld, Zaandam",2023-08-16T16:35:13,2023-08-16T17:30:00,2023-08-16T17:30:00,2023-08-16T16:58:29
6024978,Venlo-Roermond,2,Impact bekend,Defecte trein,3,geen treinen,,Tussen Reuver en Swalmen rijden er geen treinen door een defecte trein.,,,"RM, TG, SM, RV, VL","Reuver, Roermond, Tegelen, Venlo, Swalmen",2023-08-16T16:39:19,2023-08-16T17:30:00,2023-08-16T17:30:00,2023-08-16T16:58:29
6024974,Groningen-Delfzijl,3,Vervangend vervoer,Sein- en wisselstoring,3,geen treinen,Er rijden stopbussen.,Tussen Groningen en Bedum rijden er geen treinen door een sein- en wisselstoring.,60,,"SWD, STM, GNN, GN, APG, LP, BDM, DZW, DZ","Delfzijl, Loppersum, Delfzijl West, Bedum, Stedum, Groningen Noord, Appingedam, Sauwerd, Groningen",2023-08-16T15:30:19,2023-08-16T18:15:00,2023-08-16T18:15:00,2023-08-16T17:01:07
6024977,Amsterdam Sloterdijk-Hoorn Kersenboogerd,4,Storing voorbij,Persoon op het spoor,3,beperkingen voorbij,,Tussen Hoorn en Hoorn Kersenboogerd zijn de beperkingen voorbij.,,,"PMR, HNK, ASS, HN, ZDK, ZD, PMO, PMW","Purmerend Overwhere, Zaandam Kogerveld, Hoorn, Purmerend, Hoorn Kersenboogerd, Purmerend Weidevenne, Zaandam, Amsterdam Sloterdijk",2023-08-16T16:35:13,2023-08-16T17:30:00,2023-08-16T17:30:00,2023-08-16T17:01:07
6024978,Venlo-Roermond,2,Impact bekend,Defecte trein,3,geen treinen,,Tussen Reuver en Swalmen rijden er geen treinen door een defecte trein.,,,"RM, SM, VL, TG, RV","Tegelen, Roermond, Venlo, Swalmen, Reuver",2023-08-16T16:39:19,2023-08-16T17:30:00,2023-08-16T17:30:00,2023-08-16T17:01:07
6024974,Groningen-Delfzijl,3,Vervangend vervoer,Sein- en wisselstoring,3,geen treinen,Er rijden stopbussen.,Tussen Groningen en Bedum rijden er geen treinen door een sein- en wisselstoring.,60,,"GN, LP, APG, STM, GNN, BDM, SWD, DZW, DZ","Groningen, Delfzijl West, Appingedam, Sauwerd, Bedum, Groningen Noord, Loppersum, Stedum, Delfzijl",2023-08-16T15:30:19,2023-08-16T18:15:00,2023-08-16T18:15:00,2023-08-16T17:14:07
6024977,Amsterdam Sloterdijk-Hoorn Kersenboogerd,4,Storing voorbij,Persoon op het spoor,3,beperkingen voorbij,,Tussen Hoorn en Hoorn Kersenboogerd zijn de beperkingen voorbij.,,,"HNK, HN, ASS, ZDK, ZD, PMR, PMO, PMW","Amsterdam Sloterdijk, Hoorn, Purmerend Weidevenne, Purmerend Overwhere, Zaandam Kogerveld, Zaandam, Purmerend, Hoorn Kersenboogerd",2023-08-16T16:35:13,2023-08-16T17:30:00,2023-08-16T17:30:00,2023-08-16T17:14:07
6024978,Venlo-Roermond,4,Storing voorbij,Defecte trein,3,beperkingen voorbij,,Tussen Reuver en Swalmen zijn de beperkingen voorbij.,,,"TG, RV, RM, VL, SM","Roermond, Swalmen, Venlo, Tegelen, Reuver",2023-08-16T16:39:19,2023-08-16T17:30:00,2023-08-16T17:30:00,2023-08-16T17:14:07
6024974,Groningen-Delfzijl,3,Vervangend vervoer,Sein- en wisselstoring,3,geen treinen,Er rijden stopbussen.,Tussen Groningen en Bedum rijden er geen treinen door een sein- en wisselstoring.,60,,"DZW, GN, SWD, APG, LP, DZ, GNN, STM, BDM","Delfzijl West, Groningen Noord, Bedum, Stedum, Loppersum, Delfzijl, Appingedam, Sauwerd, Groningen",2023-08-16T15:30:19,2023-08-16T18:30:00,2023-08-16T18:30:00,2023-08-16T17:24:20
6024977,Amsterdam Sloterdijk-Hoorn Kersenboogerd,4,Storing voorbij,Persoon op het spoor,3,beperkingen voorbij,,Tussen Hoorn en Hoorn Kersenboogerd zijn de beperkingen voorbij.,,,"PMR, ASS, HNK, PMO, ZD, ZDK, HN, PMW","Purmerend, Purmerend Overwhere, Hoorn, Amsterdam Sloterdijk, Zaandam Kogerveld, Purmerend Weidevenne, Hoorn Kersenboogerd, Zaandam",2023-08-16T16:35:13,2023-08-16T17:30:00,2023-08-16T17:30:00,2023-08-16T17:24:20
6024974,Groningen-Delfzijl,3,Vervangend vervoer,Sein- en wisselstoring,3,geen treinen,Er rijden stopbussen.,Tussen Groningen en Bedum rijden er geen treinen door een sein- en wisselstoring.,60,,"LP, DZ, APG, GN, BDM, GNN, STM, DZW, SWD","Delfzijl West, Bedum, Delfzijl, Groningen, Sauwerd, Stedum, Loppersum, Groningen Noord, Appingedam",2023-08-16T15:30:19,2023-08-16T18:45:00,2023-08-16T18:45:00,2023-08-16T17:32:37
6024974,Groningen-Delfzijl,3,Vervangend vervoer,Sein- en wisselstoring,3,geen treinen,Er rijden stopbussen.,Tussen Bedum en Delfzijl rijden er geen treinen door een sein- en wisselstoring.,60,,"APG, STM, DZW, GNN, DZ, BDM, SWD, LP, GN","Sauwerd, Groningen Noord, Appingedam, Bedum, Groningen, Loppersum, Delfzijl, Stedum, Delfzijl West",2023-08-16T15:30:19,2023-08-16T18:45:00,2023-08-16T18:45:00,2023-08-16T17:40:43
6024974,Groningen-Delfzijl,3,Vervangend vervoer,Sein- en wisselstoring,3,geen treinen,Er rijden stopbussen.,Tussen Bedum en Delfzijl rijden er geen treinen door een sein- en wisselstoring.,60,,"STM, LP, BDM, DZW, DZ, APG, GNN, SWD, GN","Delfzijl West, Loppersum, Stedum, Bedum, Groningen Noord, Groningen, Appingedam, Delfzijl, Sauwerd",2023-08-16T15:30:19,2023-08-16T18:45:00,2023-08-16T18:45:00,2023-08-16T17:48:46
6024974,Groningen-Delfzijl,3,Vervangend vervoer,Sein- en wisselstoring,3,geen treinen,Er rijden stopbussen.,Tussen Bedum en Delfzijl rijden er geen treinen door een sein- en wisselstoring.,60,,"SWD, BDM, LP, APG, DZW, GNN, GN, STM, DZ","Loppersum, Groningen, Stedum, Appingedam, Groningen Noord, Bedum, Delfzijl West, Delfzijl, Sauwerd",2023-08-16T15:30:19,2023-08-16T18:45:00,2023-08-16T18:45:00,2023-08-16T17:56:28
6024974,Groningen-Delfzijl,3,Vervangend vervoer,Sein- en wisselstoring,3,geen treinen,Er rijden stopbussen.,Tussen Bedum en Delfzijl rijden er geen treinen door een sein- en wisselstoring.,60,,"DZW, GN, LP, DZ, STM, APG, SWD, GNN, BDM","Loppersum, Stedum, Bedum, Sauwerd, Delfzijl West, Appingedam, Groningen, Groningen Noord, Delfzijl",2023-08-16T15:30:19,2023-08-16T20:00:00,2023-08-16T20:00:00,2023-08-16T18:13:37
6024974,Groningen-Delfzijl,4,Storing voorbij,Sein- en wisselstoring,3,beperkingen voorbij,Er rijden nog stopbussen.,Tussen Bedum en Delfzijl zijn de beperkingen voorbij.,,,"BDM, APG, DZ, GNN, STM, DZW, SWD, LP, GN","Bedum, Delfzijl, Sauwerd, Loppersum, Groningen Noord, Groningen, Appingedam, Delfzijl West, Stedum",2023-08-16T15:30:19,2023-08-16T19:00:00,2023-08-16T19:00:00,2023-08-16T18:30:03
6024979,Eindhoven-Weert,1b,Gevolgen bekend,Persoon op het spoor,3,verstoring treindienst,,Tussen Eindhoven Centraal en Geldrop is er een verstoring in de treindienst door een persoon op het spoor.,,,"GP, EHV, WT, MZ, HZE","Eindhoven Centraal, Heeze, Weert, Geldrop, Maarheeze",2023-08-16T18:17:19,2023-08-16T19:15:00,2023-08-16T19:15:00,2023-08-16T18:30:03
6024980,Utrecht-Hilversum,1b,Gevolgen bekend,Persoon op het spoor,3,vertraging,,Tussen Utrecht Overvecht en Hilversum is er vertraging door een persoon op het spoor.,15,,"HVSP, UT, HVS, HOR, UTO","Hollandsche Rading, Utrecht Overvecht, Utrecht Centraal, Hilversum, Hilversum Sportpark",2023-08-16T18:21:53,,2023-08-16T21:58:45,2023-08-16T18:30:03
6024981,Amsterdam Sloterdijk-Schiphol Airport; Amsterdam Zuid-Leiden Centraal,1b,Gevolgen bekend,Defect spoor,2,verstoring treindienst,,Tussen Amsterdam Zuid en Schiphol Airport is er een verstoring in de treindienst en tussen Amsterdam Sloterdijk en Schiphol Airport is er een verstoring in de treindienst door een defect spoor.,,,"ASDL, SSH, SHL, ASS, HFD, NVP, LEDN, ASDZ","Hoofddorp, Nieuw Vennep, Schiphol Airport, Leiden Centraal, Amsterdam Sloterdijk, Sassenheim, Amsterdam Lelylaan, Amsterdam Zuid",2023-08-17T03:17:47,2023-08-17T11:30:00,2023-08-17T11:30:00,2023-08-17T05:52:24
6024981,Amsterdam Zuid-Leiden Centraal; Amsterdam-Hoofddorp,1b,Gevolgen bekend,Defect spoor,2,minder Intercity's,,Tussen Amsterdam Zuid en Schiphol Airport rijden er minder Intercity's en tussen Amsterdam Centraal en Hoofddorp rijden er minder Intercity's door een defect spoor.,,,"ASD, ASS, ASDZ, NVP, SSH, LEDN, ASDL, SHL, HFD","Schiphol Airport, Hoofddorp, Nieuw Vennep, Leiden Centraal, Amsterdam Zuid, Amsterdam Centraal, Amsterdam Lelylaan, Sassenheim, Amsterdam Sloterdijk",2023-08-17T03:17:47,2023-08-17T11:30:00,2023-08-17T11:30:00,2023-08-17T06:00:11
6024981,Amsterdam Zuid-Leiden Centraal,2,Impact bekend,Defect spoor,2,minder Intercity's,,Tussen Amsterdam Zuid en Schiphol Airport rijden er minder Intercity's door een defect spoor.,,15,"ASDZ, LEDN, NVP, HFD, SSH, SHL","Leiden Centraal, Nieuw Vennep, Sassenheim, Schiphol Airport, Amsterdam Zuid, Hoofddorp",2023-08-17T03:17:47,2023-08-17T11:30:00,2023-08-17T11:30:00,2023-08-17T06:19:40
6024983,Amsterdam-Hoofddorp,2,Impact bekend,Defect spoor,2,minder Intercity's,,Tussen Amsterdam Centraal en Hoofddorp rijden er minder Intercity's door een defect spoor.,,15,"ASD, HFD, ASDL, SHL, ASS","Amsterdam Lelylaan, Amsterdam Centraal, Amsterdam Sloterdijk, Schiphol Airport, Hoofddorp",2023-08-17T03:17:47,2023-08-17T11:30:00,2023-08-17T11:30:00,2023-08-17T06:19:40
6024983,Amsterdam-Hoofddorp,2,Impact bekend,Defect spoor,2,minder Intercity's,,Tussen Amsterdam Centraal en Hoofddorp rijden er minder Intercity's door een defect spoor.,,15,"ASS, ASDL, SHL, HFD, ASD","Hoofddorp, Amsterdam Centraal, Schiphol Airport, Amsterdam Sloterdijk, Amsterdam Lelylaan",2023-08-17T03:17:47,2023-08-17T11:30:00,2023-08-17T11:30:00,2023-08-17T06:30:06
6024981,Amsterdam Zuid-Leiden Centraal,2,Impact bekend,Defect spoor,2,minder Intercity's,,Tussen Amsterdam Zuid en Schiphol Airport rijden er minder Intercity's door een defect spoor.,,15,"SHL, SSH, HFD, ASDZ, LEDN, NVP","Leiden Centraal, Amsterdam Zuid, Nieuw Vennep, Hoofddorp, Sassenheim, Schiphol Airport",2023-08-17T03:17:47,2023-08-17T11:30:00,2023-08-17T11:30:00,2023-08-17T06:30:06
6024983,Amsterdam-Hoofddorp,2,Impact bekend,Defect spoor,2,minder Intercity's,,Tussen Amsterdam Centraal en Hoofddorp rijden er minder Intercity's door een defect spoor.,,15,"ASDL, SHL, ASS, HFD, ASD","Amsterdam Lelylaan, Hoofddorp, Schiphol Airport, Amsterdam Sloterdijk, Amsterdam Centraal",2023-08-17T03:17:47,2023-08-17T11:30:00,2023-08-17T11:30:00,2023-08-17T06:37:57
6024981,Amsterdam Zuid-Leiden Centraal,2,Impact bekend,Defect spoor,2,minder Intercity's,,Tussen Amsterdam Zuid en Schiphol Airport rijden er minder Intercity's door een defect spoor.,,15,"NVP, ASDZ, SHL, SSH, HFD, LEDN","Hoofddorp, Schiphol Airport, Amsterdam Zuid, Leiden Centraal, Sassenheim, Nieuw Vennep",2023-08-17T03:17:47,2023-08-17T11:30:00,2023-08-17T11:30:00,2023-08-17T06:37:57
6024981,Amsterdam Zuid-Leiden Centraal,2,Impact bekend,Defect spoor,2,minder Intercity's,,Tussen Amsterdam Zuid en Schiphol Airport rijden er minder Intercity's door een defect spoor.,,15,"HFD, SHL, ASDZ, NVP, SSH, LEDN","Amsterdam Zuid, Schiphol Airport, Hoofddorp, Nieuw Vennep, Sassenheim, Leiden Centraal",2023-08-17T03:17:47,2023-08-18T01:30:00,2023-08-18T01:30:00,2023-08-17T06:45:54
6024983,Amsterdam-Hoofddorp,2,Impact bekend,Defect spoor,2,minder Intercity's,,Tussen Amsterdam Centraal en Hoofddorp rijden er minder Intercity's door een defect spoor.,,15,"ASD, ASDL, ASS, HFD, SHL","Amsterdam Sloterdijk, Schiphol Airport, Hoofddorp, Amsterdam Lelylaan, Amsterdam Centraal",2023-08-17T03:17:47,2023-08-18T01:30:00,2023-08-18T01:30:00,2023-08-17T06:45:54
6024983,Amsterdam-Hoofddorp,2,Impact bekend,Defect spoor,2,minder Intercity's,,Tussen Amsterdam Centraal en Hoofddorp rijden er minder Intercity's door een defect spoor.,,15,"ASDL, HFD, SHL, ASS, ASD","Amsterdam Centraal, Schiphol Airport, Amsterdam Sloterdijk, Amsterdam Lelylaan, Hoofddorp",2023-08-17T03:17:47,2023-08-18T01:30:00,2023-08-18T01:30:00,2023-08-17T06:53:55
6024981,Amsterdam Zuid-Leiden Centraal,2,Impact bekend,Defect spoor,2,minder Intercity's,,Tussen Amsterdam Zuid en Schiphol Airport rijden er minder Intercity's door een defect spoor.,,15,"HFD, SHL, NVP, ASDZ, SSH, LEDN","Schiphol Airport, Nieuw Vennep, Amsterdam Zuid, Sassenheim, Hoofddorp, Leiden Centraal",2023-08-17T03:17:47,2023-08-18T01:30:00,2023-08-18T01:30:00,2023-08-17T06:53:55
6024983,Amsterdam-Hoofddorp,2,Impact bekend,Defect spoor,2,minder Intercity's,,Tussen Amsterdam Centraal en Hoofddorp rijden er minder Intercity's door een defect spoor.,,15,"ASD, ASS, HFD, ASDL, SHL","Amsterdam Lelylaan, Hoofddorp, Schiphol Airport, Amsterdam Centraal, Amsterdam Sloterdijk",2023-08-17T03:17:47,2023-08-18T01:30:00,2023-08-18T01:30:00,2023-08-17T07:06:30
6024981,Amsterdam Zuid-Leiden Centraal,2,Impact bekend,Defect spoor,2,minder Intercity's,,Tussen Amsterdam Zuid en Schiphol Airport rijden er minder Intercity's door een defect spoor.,,15,"ASDZ, HFD, LEDN, NVP, SHL, SSH","Leiden Centraal, Sassenheim, Hoofddorp, Nieuw Vennep, Amsterdam Zuid, Schiphol Airport",2023-08-17T03:17:47,2023-08-18T01:30:00,2023-08-18T01:30:00,2023-08-17T07:06:30
6024983,Amsterdam-Hoofddorp,2,Impact bekend,Defect spoor,2,minder Intercity's,,Tussen Amsterdam Centraal en Hoofddorp rijden er minder Intercity's door een defect spoor.,,15,"ASDL, HFD, SHL, ASS, ASD","Schiphol Airport, Amsterdam Lelylaan, Amsterdam Centraal, Hoofddorp, Amsterdam Sloterdijk",2023-08-17T03:17:47,2023-08-18T01:30:00,2023-08-18T01:30:00,2023-08-17T07:21:36
6024981,Amsterdam Zuid-Leiden Centraal,2,Impact bekend,Defect spoor,2,minder Intercity's,,Tussen Amsterdam Zuid en Schiphol Airport rijden er minder Intercity's door een defect spoor.,,15,"SSH, HFD, NVP, SHL, LEDN, ASDZ","Schiphol Airport, Leiden Centraal, Hoofddorp, Nieuw Vennep, Sassenheim, Amsterdam Zuid",2023-08-17T03:17:47,2023-08-18T01:30:00,2023-08-18T01:30:00,2023-08-17T07:21:36
6024983,Amsterdam-Hoofddorp,2,Impact bekend,Defect spoor,2,minder Intercity's,,Tussen Amsterdam Centraal en Hoofddorp rijden er minder Intercity's door een defect spoor.,,15,"ASS, SHL, ASDL, HFD, ASD","Amsterdam Lelylaan, Amsterdam Centraal, Amsterdam Sloterdijk, Schiphol Airport, Hoofddorp",2023-08-17T03:17:47,2023-08-18T01:30:00,2023-08-18T01:30:00,2023-08-17T07:29:23
6024981,Amsterdam Zuid-Leiden Centraal,2,Impact bekend,Defect spoor,2,minder Intercity's,,Tussen Amsterdam Zuid en Schiphol Airport rijden er minder Intercity's door een defect spoor.,,15,"LEDN, SHL, HFD, NVP, ASDZ, SSH","Amsterdam Zuid, Sassenheim, Nieuw Vennep, Schiphol Airport, Leiden Centraal, Hoofddorp",2023-08-17T03:17:47,2023-08-18T01:30:00,2023-08-18T01:30:00,2023-08-17T07:29:23
6024983,Amsterdam-Hoofddorp,2,Impact bekend,Defect spoor,2,minder Intercity's,,Tussen Amsterdam Centraal en Hoofddorp rijden er minder Intercity's door een defect spoor.,,15,"ASDL, HFD, ASD, SHL, ASS","Schiphol Airport, Amsterdam Sloterdijk, Hoofddorp, Amsterdam Lelylaan, Amsterdam Centraal",2023-08-17T03:17:47,2023-08-18T01:30:00,2023-08-18T01:30:00,2023-08-17T07:37:25
6024981,Amsterdam Zuid-Leiden Centraal,2,Impact bekend,Defect spoor,2,minder Intercity's,,Tussen Amsterdam Zuid en Schiphol Airport rijden er minder Intercity's door een defect spoor.,,15,"LEDN, HFD, SHL, ASDZ, SSH, NVP","Schiphol Airport, Sassenheim, Leiden Centraal, Hoofddorp, Nieuw Vennep, Amsterdam Zuid",2023-08-17T03:17:47,2023-08-18T01:30:00,2023-08-18T01:30:00,2023-08-17T07:37:25
6024981,Amsterdam Zuid-Leiden Centraal,2,Impact bekend,Defect spoor,2,minder Intercity's,,Tussen Amsterdam Zuid en Schiphol Airport rijden er minder Intercity's door een defect spoor.,,15,"NVP, LEDN, SSH, HFD, SHL, ASDZ","Sassenheim, Amsterdam Zuid, Hoofddorp, Nieuw Vennep, Leiden Centraal, Schiphol Airport",2023-08-17T03:17:47,2023-08-18T01:30:00,2023-08-18T01:30:00,2023-08-17T07:45:29
6024983,Amsterdam-Hoofddorp,2,Impact bekend,Defect spoor,2,minder Intercity's,,Tussen Amsterdam Centraal en Hoofddorp rijden er minder Intercity's door een defect spoor.,,15,"ASDL, HFD, ASS, SHL, ASD","Amsterdam Lelylaan, Amsterdam Sloterdijk, Hoofddorp, Amsterdam Centraal, Schiphol Airport",2023-08-17T03:17:47,2023-08-18T01:30:00,2023-08-18T01:30:00,2023-08-17T07:45:29
6024983,Amsterdam-Hoofddorp,2,Impact bekend,Defect spoor,2,minder Intercity's,,Tussen Amsterdam Centraal en Hoofddorp rijden er minder Intercity's door een defect spoor.,,15,"HFD, ASDL, ASD, ASS, SHL","Amsterdam Centraal, Schiphol Airport, Amsterdam Lelylaan, Hoofddorp, Amsterdam Sloterdijk",2023-08-17T03:17:47,2023-08-18T01:30:00,2023-08-18T01:30:00,2023-08-17T07:53:10
6024981,Amsterdam Zuid-Leiden Centraal,2,Impact bekend,Defect spoor,2,minder Intercity's,,Tussen Amsterdam Zuid en Schiphol Airport rijden er minder Intercity's door een defect spoor.,,15,"HFD, ASDZ, LEDN, SSH, NVP, SHL","Nieuw Vennep, Schiphol Airport, Sassenheim, Amsterdam Zuid, Hoofddorp, Leiden Centraal",2023-08-17T03:17:47,2023-08-18T01:30:00,2023-08-18T01:30:00,2023-08-17T07:53:10
6024983,Amsterdam-Hoofddorp,2,Impact bekend,Defect spoor,2,minder Intercity's,,Tussen Amsterdam Centraal en Hoofddorp rijden er minder Intercity's door een defect spoor.,,15,"ASD, ASS, ASDL, HFD, SHL","Schiphol Airport, Amsterdam Lelylaan, Amsterdam Sloterdijk, Amsterdam Centraal, Hoofddorp",2023-08-17T03:17:47,2023-08-18T01:30:00,2023-08-18T01:30:00,2023-08-17T08:07:12
6024981,Amsterdam Zuid-Leiden Centraal,2,Impact bekend,Defect spoor,2,minder Intercity's,,Tussen Amsterdam Zuid en Schiphol Airport rijden er minder Intercity's door een defect spoor.,,15,"LEDN, HFD, ASDZ, SHL, SSH, NVP","Schiphol Airport, Sassenheim, Nieuw Vennep, Amsterdam Zuid, Leiden Centraal, Hoofddorp",2023-08-17T03:17:47,2023-08-18T01:30:00,2023-08-18T01:30:00,2023-08-17T08:07:12
6024983,Amsterdam-Hoofddorp,2,Impact bekend,Defect spoor,2,minder Intercity's,,Tussen Amsterdam Centraal en Hoofddorp rijden er minder Intercity's door een defect spoor.,,15,"SHL, HFD, ASDL, ASS, ASD","Amsterdam Sloterdijk, Schiphol Airport, Amsterdam Centraal, Amsterdam Lelylaan, Hoofddorp",2023-08-17T03:17:47,2023-08-18T10:30:00,2023-08-18T10:30:00,2023-08-17T08:24:49
6024981,Amsterdam Zuid-Leiden Centraal,2,Impact bekend,Defect spoor,2,minder Intercity's,,Tussen Amsterdam Zuid en Schiphol Airport rijden er minder Intercity's door een defect spoor.,,15,"LEDN, SHL, NVP, HFD, ASDZ, SSH","Schiphol Airport, Amsterdam Zuid, Nieuw Vennep, Hoofddorp, Leiden Centraal, Sassenheim",2023-08-17T03:17:47,2023-08-18T10:30:00,2023-08-18T10:30:00,2023-08-17T08:24:49
6024981,Amsterdam Zuid-Leiden Centraal,2,Impact bekend,Defect spoor,2,minder Intercity's,,Tussen Amsterdam Zuid en Schiphol Airport rijden er minder Intercity's door een defect spoor.,,15,"ASDZ, LEDN, SHL, SSH, NVP, HFD","Schiphol Airport, Nieuw Vennep, Hoofddorp, Leiden Centraal, Amsterdam Zuid, Sassenheim",2023-08-17T03:17:47,2023-08-18T10:30:00,2023-08-18T10:30:00,2023-08-17T08:33:04
6024983,Amsterdam-Hoofddorp,2,Impact bekend,Defect spoor,2,minder Intercity's,,Tussen Amsterdam Centraal en Hoofddorp rijden er minder Intercity's door een defect spoor.,,15,"SHL, ASD, ASDL, ASS, HFD","Schiphol Airport, Amsterdam Lelylaan, Hoofddorp, Amsterdam Centraal, Amsterdam Sloterdijk",2023-08-17T03:17:47,2023-08-18T10:30:00,2023-08-18T10:30:00,2023-08-17T08:33:04
6024981,Amsterdam Zuid-Leiden Centraal,2,Impact bekend,Defect spoor,2,minder Intercity's,,Tussen Amsterdam Zuid en Schiphol Airport rijden er minder Intercity's door een defect spoor.,,15,"SHL, ASDZ, NVP, SSH, HFD, LEDN","Leiden Centraal, Nieuw Vennep, Amsterdam Zuid, Schiphol Airport, Sassenheim, Hoofddorp",2023-08-17T03:17:47,2023-08-18T10:30:00,2023-08-18T10:30:00,2023-08-17T08:40:57
6024983,Amsterdam-Hoofddorp,2,Impact bekend,Defect spoor,2,minder Intercity's,,Tussen Amsterdam Centraal en Hoofddorp rijden er minder Intercity's door een defect spoor.,,15,"SHL, ASD, HFD, ASS, ASDL","Amsterdam Lelylaan, Amsterdam Centraal, Schiphol Airport, Amsterdam Sloterdijk, Hoofddorp",2023-08-17T03:17:47,2023-08-18T10:30:00,2023-08-18T10:30:00,2023-08-17T08:40:57
6024981,Amsterdam Zuid-Leiden Centraal,2,Impact bekend,Defect spoor,2,minder Intercity's,,Tussen Amsterdam Zuid en Schiphol Airport rijden er minder Intercity's door een defect spoor.,,15,"ASDZ, HFD, LEDN, NVP, SHL, SSH","Amsterdam Zuid, Hoofddorp, Leiden Centraal, Nieuw Vennep, Sassenheim, Schiphol Airport",2023-08-17T03:17:47,2023-08-18T10:30:00,2023-08-18T10:30:00,2023-08-17T08:47:25
6024983,Amsterdam-Hoofddorp,2,Impact bekend,Defect spoor,2,minder Intercity's,,Tussen Amsterdam Centraal en Hoofddorp rijden er minder Intercity's door een defect spoor.,,15,"ASD, ASDL, ASS, HFD, SHL","Amsterdam Centraal, Amsterdam Lelylaan, Amsterdam Sloterdijk, Hoofddorp, Schiphol Airport",2023-08-17T03:17:47,2023-08-18T10:30:00,2023-08-18T10:30:00,2023-08-17T08:47:25
6024981,Amsterdam Zuid-Leiden Centraal,2,Impact bekend,Defect spoor,2,minder Intercity's,,Tussen Amsterdam Zuid en Schiphol Airport rijden er minder Intercity's door een defect spoor.,,15,"ASDZ, HFD, LEDN, NVP, SHL, SSH","Amsterdam Zuid, Hoofddorp, Leiden Centraal, Nieuw Vennep, Sassenheim, Schiphol Airport",2023-08-17T03:17:47,2023-08-18T10:30:00,2023-08-18T10:30:00,2023-08-17T08:48:04
6024983,Amsterdam-Hoofddorp,2,Impact bekend,Defect spoor,2,minder Intercity's,,Tussen Amsterdam Centraal en Hoofddorp rijden er minder Intercity's door een defect spoor.,,15,"ASD, ASDL, ASS, HFD, SHL","Amsterdam Centraal, Amsterdam Lelylaan, Amsterdam Sloterdijk, Hoofddorp, Schiphol Airport",2023-08-17T03:17:47,2023-08-18T10:30:00,2023-08-18T10:30:00,2023-08-17T08:48:04
6024983,Amsterdam-Hoofddorp,2,Impact bekend,Defect spoor,2,minder Intercity's,,Tussen Amsterdam Centraal en Hoofddorp rijden er minder Intercity's door een defect spoor.,,15,"ASD, ASDL, ASS, HFD, SHL","Amsterdam Centraal, Amsterdam Lelylaan, Amsterdam Sloterdijk, Hoofddorp, Schiphol Airport",2023-08-17T03:17:47,2023-08-18T10:30:00,2023-08-18T10:30:00,2023-08-17T08:49:08
6024981,Amsterdam Zuid-Leiden Centraal,2,Impact bekend,Defect spoor,2,minder Intercity's,,Tussen Amsterdam Zuid en Schiphol Airport rijden er minder Intercity's door een defect spoor.,,15,"ASDZ, HFD, LEDN, NVP, SHL, SSH","Amsterdam Zuid, Hoofddorp, Leiden Centraal, Nieuw Vennep, Sassenheim, Schiphol Airport",2023-08-17T03:17:47,2023-08-18T10:30:00,2023-08-18T10:30:00,2023-08-17T08:49:08
6024981,Amsterdam Zuid-Leiden Centraal,2,Impact bekend,Defect spoor,2,minder Intercity's,,Tussen Amsterdam Zuid en Schiphol Airport rijden er minder Intercity's door een defect spoor.,,15,"ASDZ, HFD, LEDN, NVP, SHL, SSH","Amsterdam Zuid, Hoofddorp, Leiden Centraal, Nieuw Vennep, Sassenheim, Schiphol Airport",2023-08-17T03:17:47,2023-08-18T10:30:00,2023-08-18T10:30:00,2023-08-17T08:57:05
6024983,Amsterdam-Hoofddorp,2,Impact bekend,Defect spoor,2,minder Intercity's,,Tussen Amsterdam Centraal en Hoofddorp rijden er minder Intercity's door een defect spoor.,,15,"ASD, ASDL, ASS, HFD, SHL","Amsterdam Centraal, Amsterdam Lelylaan, Amsterdam Sloterdijk, Hoofddorp, Schiphol Airport",2023-08-17T03:17:47,2023-08-18T10:30:00,2023-08-18T10:30:00,2023-08-17T08:57:05
6024983,Amsterdam-Hoofddorp,2,Impact bekend,Defect spoor,2,minder Intercity's,,Tussen Amsterdam Centraal en Hoofddorp rijden er minder Intercity's door een defect spoor.,,15,"ASD, ASDL, ASS, HFD, SHL","Amsterdam Centraal, Amsterdam Lelylaan, Amsterdam Sloterdijk, Hoofddorp, Schiphol Airport",2023-08-17T03:17:47,2023-08-18T10:30:00,2023-08-18T10:30:00,2023-08-17T09:10:33
6024981,Amsterdam Zuid-Leiden Centraal,2,Impact bekend,Defect spoor,2,minder Intercity's,,Tussen Amsterdam Zuid en Schiphol Airport rijden er minder Intercity's door een defect spoor.,,15,"ASDZ, HFD, LEDN, NVP, SHL, SSH","Amsterdam Zuid, Hoofddorp, Leiden Centraal, Nieuw Vennep, Sassenheim, Schiphol Airport",2023-08-17T03:17:47,2023-08-18T10:30:00,2023-08-18T10:30:00,2023-08-17T09:10:33
6024983,Amsterdam-Hoofddorp,2,Impact bekend,Defect spoor,2,minder Intercity's,,Tussen Amsterdam Centraal en Hoofddorp rijden er minder Intercity's door een defect spoor.,,15,"ASD, ASDL, ASS, HFD, SHL","Amsterdam Centraal, Amsterdam Lelylaan, Amsterdam Sloterdijk, Hoofddorp, Schiphol Airport",2023-08-17T03:17:47,2023-08-18T10:30:00,2023-08-18T10:30:00,2023-08-17T09:19:32
6024981,Amsterdam Zuid-Leiden Centraal,2,Impact bekend,Defect spoor,2,minder Intercity's,,Tussen Amsterdam Zuid en Schiphol Airport rijden er minder Intercity's door een defect spoor.,,15,"ASDZ, HFD, LEDN, NVP, SHL, SSH","Amsterdam Zuid, Hoofddorp, Leiden Centraal, Nieuw Vennep, Sassenheim, Schiphol Airport",2023-08-17T03:17:47,2023-08-18T10:30:00,2023-08-18T10:30:00,2023-08-17T09:19:32
6024983,Amsterdam-Hoofddorp,2,Impact bekend,Defect spoor,2,minder Intercity's,,Tussen Amsterdam Centraal en Hoofddorp rijden er minder Intercity's door een defect spoor.,,15,"ASD, ASDL, ASS, HFD, SHL","Amsterdam Centraal, Amsterdam Lelylaan, Amsterdam Sloterdijk, Hoofddorp, Schiphol Airport",2023-08-17T03:17:47,2023-08-18T10:30:00,2023-08-18T10:30:00,2023-08-17T09:27:18
6024981,Amsterdam Zuid-Leiden Centraal,2,Impact bekend,Defect spoor,2,minder Intercity's,,Tussen Amsterdam Zuid en Schiphol Airport rijden er minder Intercity's door een defect spoor.,,15,"ASDZ, HFD, LEDN, NVP, SHL, SSH","Amsterdam Zuid, Hoofddorp, Leiden Centraal, Nieuw Vennep, Sassenheim, Schiphol Airport",2023-08-17T03:17:47,2023-08-18T10:30:00,2023-08-18T10:30:00,2023-08-17T09:27:18
6024983,Amsterdam-Hoofddorp,2,Impact bekend,Defect spoor,2,minder Intercity's,,Tussen Amsterdam Centraal en Hoofddorp rijden er minder Intercity's door een defect spoor.,,15,"ASD, ASDL, ASS, HFD, SHL","Amsterdam Centraal, Amsterdam Lelylaan, Amsterdam Sloterdijk, Hoofddorp, Schiphol Airport",2023-08-17T03:17:47,2023-08-18T10:30:00,2023-08-18T10:30:00,2023-08-17T09:35:20
6024981,Amsterdam Zuid-Leiden Centraal,2,Impact bekend,Defect spoor,2,minder Intercity's,,Tussen Amsterdam Zuid en Schiphol Airport rijden er minder Intercity's door een defect spoor.,,15,"ASDZ, HFD, LEDN, NVP, SHL, SSH","Amsterdam Zuid, Hoofddorp, Leiden Centraal, Nieuw Vennep, Sassenheim, Schiphol Airport",2023-08-17T03:17:47,2023-08-18T10:30:00,2023-08-18T10:30:00,2023-08-17T09:35:20
6024983,Amsterdam-Hoofddorp,2,Impact bekend,Defect spoor,2,minder Intercity's,,Tussen Amsterdam Centraal en Hoofddorp rijden er minder Intercity's door een defect spoor.,,15,"ASD, ASDL, ASS, HFD, SHL","Amsterdam Centraal, Amsterdam Lelylaan, Amsterdam Sloterdijk, Hoofddorp, Schiphol Airport",2023-08-17T03:17:47,2023-08-18T10:30:00,2023-08-18T10:30:00,2023-08-17T09:43:22
6024981,Amsterdam Zuid-Leiden Centraal,2,Impact bekend,Defect spoor,2,minder Intercity's,,Tussen Amsterdam Zuid en Schiphol Airport rijden er minder Intercity's door een defect spoor.,,15,"ASDZ, HFD, LEDN, NVP, SHL, SSH","Amsterdam Zuid, Hoofddorp, Leiden Centraal, Nieuw Vennep, Sassenheim, Schiphol Airport",2023-08-17T03:17:47,2023-08-18T10:30:00,2023-08-18T10:30:00,2023-08-17T09:43:22
6024981,Amsterdam Zuid-Leiden Centraal,2,Impact bekend,Defect spoor,2,minder Intercity's,,Tussen Amsterdam Zuid en Schiphol Airport rijden er minder Intercity's door een defect spoor.,,15,"ASDZ, HFD, LEDN, NVP, SHL, SSH","Amsterdam Zuid, Hoofddorp, Leiden Centraal, Nieuw Vennep, Sassenheim, Schiphol Airport",2023-08-17T03:17:47,2023-08-18T10:30:00,2023-08-18T10:30:00,2023-08-17T09:51:30
6024983,Amsterdam-Hoofddorp,2,Impact bekend,Defect spoor,2,minder Intercity's,,Tussen Amsterdam Centraal en Hoofddorp rijden er minder Intercity's door een defect spoor.,,15,"ASD, ASDL, ASS, HFD, SHL","Amsterdam Centraal, Amsterdam Lelylaan, Amsterdam Sloterdijk, Hoofddorp, Schiphol Airport",2023-08-17T03:17:47,2023-08-18T10:30:00,2023-08-18T10:30:00,2023-08-17T09:51:30
6024981,Amsterdam Zuid-Leiden Centraal,2,Impact bekend,Defect spoor,2,minder Intercity's,,Tussen Amsterdam Zuid en Schiphol Airport rijden er minder Intercity's door een defect spoor.,,15,"ASDZ, HFD, LEDN, NVP, SHL, SSH","Amsterdam Zuid, Hoofddorp, Leiden Centraal, Nieuw Vennep, Sassenheim, Schiphol Airport",2023-08-17T03:17:47,2023-08-18T10:30:00,2023-08-18T10:30:00,2023-08-17T09:59:14
6024983,Amsterdam-Hoofddorp,2,Impact bekend,Defect spoor,2,minder Intercity's,,Tussen Amsterdam Centraal en Hoofddorp rijden er minder Intercity's door een defect spoor.,,15,"ASD, ASDL, ASS, HFD, SHL","Amsterdam Centraal, Amsterdam Lelylaan, Amsterdam Sloterdijk, Hoofddorp, Schiphol Airport",2023-08-17T03:17:47,2023-08-18T10:30:00,2023-08-18T10:30:00,2023-08-17T09:59:14
6024983,Amsterdam-Hoofddorp,2,Impact bekend,Defect spoor,2,minder Intercity's,,Tussen Amsterdam Centraal en Hoofddorp rijden er minder Intercity's door een defect spoor.,,15,"ASD, ASDL, ASS, HFD, SHL","Amsterdam Centraal, Amsterdam Lelylaan, Amsterdam Sloterdijk, Hoofddorp, Schiphol Airport",2023-08-17T03:17:47,2023-08-18T10:30:00,2023-08-18T10:30:00,2023-08-17T10:18:41
6024981,Amsterdam Zuid-Leiden Centraal,2,Impact bekend,Defect spoor,2,minder Intercity's,,Tussen Amsterdam Zuid en Schiphol Airport rijden er minder Intercity's door een defect spoor.,,15,"ASDZ, HFD, LEDN, NVP, SHL, SSH","Amsterdam Zuid, Hoofddorp, Leiden Centraal, Nieuw Vennep, Sassenheim, Schiphol Airport",2023-08-17T03:17:47,2023-08-18T10:30:00,2023-08-18T10:30:00,2023-08-17T10:18:41
